{"cameraMode":{"drawMode":0,"name":"Shaded","section":"Shading Mode"},"sceneLighting":true,"audioPlay":false,"sceneViewState":{"showFog":true,"showMaterialUpdate":true,"showSkybox":true,"showFlares":true,"showImageEffects":true,"showParticleSystems":true},"in2DMode":false,"pivot":{"x":1.364603042602539,"y":0.6336660385131836,"z":3.201572895050049},"rotation":{"x":-0.2910752594470978,"y":0.5056806802749634,"z":-0.18619944155216218,"w":-0.7905018925666809},"size":20.845542907714845,"orthographic":false}