{"cameraMode":{"drawMode":0,"name":"Shaded","section":"Shading Mode"},"sceneLighting":true,"audioPlay":false,"sceneViewState":{"showFog":true,"showMaterialUpdate":true,"showSkybox":true,"showFlares":true,"showImageEffects":true,"showParticleSystems":true},"in2DMode":false,"pivot":{"x":2.223480463027954,"y":1.7486107349395753,"z":2.3738701343536379},"rotation":{"x":-0.03183964639902115,"y":0.2930624485015869,"z":-0.009766127914190293,"w":-0.9555171132087708},"size":4.133663177490234,"orthographic":false}