{"cameraMode":{"drawMode":0,"name":"Shaded","section":"Shading Mode"},"sceneLighting":true,"audioPlay":false,"sceneViewState":{"showFog":true,"showMaterialUpdate":true,"showSkybox":true,"showFlares":true,"showImageEffects":true,"showParticleSystems":true},"in2DMode":false,"pivot":{"x":3.340585470199585,"y":1.8862109184265137,"z":-9.988020896911621},"rotation":{"x":-0.08715303987264633,"y":0.30908092856407168,"z":-0.028459636494517328,"w":-0.9466181993484497},"size":3.3359482288360597,"orthographic":false}