{"cameraMode":{"drawMode":0,"name":"Shaded","section":"Shading Mode"},"sceneLighting":false,"audioPlay":false,"sceneViewState":{"showFog":true,"showMaterialUpdate":true,"showSkybox":false,"showFlares":true,"showImageEffects":true,"showParticleSystems":true},"in2DMode":false,"pivot":{"x":-0.2134854793548584,"y":2.0201756954193117,"z":0.20177578926086427},"rotation":{"x":0.05059115216135979,"y":-0.9299957752227783,"z":0.13998176157474519,"w":0.33610254526138308},"size":5.375264644622803,"orthographic":false}