{"cameraMode":{"drawMode":0,"name":"Shaded","section":"Shading Mode"},"sceneLighting":false,"audioPlay":false,"sceneViewState":{"showFog":true,"showMaterialUpdate":false,"showSkybox":true,"showFlares":true,"showImageEffects":true,"showParticleSystems":true},"in2DMode":false,"pivot":{"x":-2.386350154876709,"y":4.617277145385742,"z":6.727650165557861},"rotation":{"x":0.07980680465698242,"y":0.823239266872406,"z":-0.11963299661874771,"w":0.5491815209388733},"size":2.135948657989502,"orthographic":false}