{"cameraMode":{"drawMode":0,"name":"Shaded","section":"Shading Mode"},"sceneLighting":true,"audioPlay":false,"sceneViewState":{"showFog":true,"showMaterialUpdate":true,"showSkybox":true,"showFlares":true,"showImageEffects":true,"showParticleSystems":true},"in2DMode":false,"pivot":{"x":4.466336250305176,"y":1.1798551082611085,"z":-6.065403461456299},"rotation":{"x":-0.0030752287711948158,"y":0.36961719393730166,"z":-0.0012238358613103629,"w":-0.9291830658912659},"size":2.520419120788574,"orthographic":false}