{"cameraMode":{"drawMode":0,"name":"Shaded","section":"Shading Mode"},"sceneLighting":false,"audioPlay":false,"sceneViewState":{"showFog":true,"showMaterialUpdate":false,"showSkybox":false,"showFlares":true,"showImageEffects":true,"showParticleSystems":true},"in2DMode":false,"pivot":{"x":-0.39172372221946719,"y":0.13261063396930695,"z":0.16131463646888734},"rotation":{"x":0.04825279116630554,"y":0.9001969695091248,"z":-0.10335162281990051,"w":0.42028239369392397},"size":0.13982152938842774,"orthographic":false}