{"cameraMode":{"drawMode":0,"name":"Shaded","section":"Shading Mode"},"sceneLighting":false,"audioPlay":false,"sceneViewState":{"showFog":true,"showMaterialUpdate":true,"showSkybox":false,"showFlares":true,"showImageEffects":true,"showParticleSystems":true},"in2DMode":false,"pivot":{"x":-0.2475295215845108,"y":2.4729254245758058,"z":0.9632872343063355},"rotation":{"x":0.010933054611086846,"y":0.7131456136703491,"z":0.01113039255142212,"w":-0.700852632522583},"size":1.1752643585205079,"orthographic":false}