{"cameraMode":{"drawMode":0,"name":"Shaded","section":"Shading Mode"},"sceneLighting":true,"audioPlay":false,"sceneViewState":{"showFog":true,"showMaterialUpdate":true,"showSkybox":true,"showFlares":true,"showImageEffects":true,"showParticleSystems":true},"in2DMode":false,"pivot":{"x":4.785786151885986,"y":1.923696517944336,"z":19.000131607055665},"rotation":{"x":-0.0017378977499902249,"y":0.2788538932800293,"z":-0.0005054465727880597,"w":-0.9603429436683655},"size":2.135948419570923,"orthographic":false}