{"cameraMode":{"drawMode":0,"name":"Shaded","section":"Shading Mode"},"sceneLighting":true,"audioPlay":false,"sceneViewState":{"showFog":true,"showMaterialUpdate":true,"showSkybox":true,"showFlares":true,"showImageEffects":true,"showParticleSystems":true},"in2DMode":false,"pivot":{"x":19.16059684753418,"y":-4.3950514793396,"z":-1.5471489429473878},"rotation":{"x":0.08958512544631958,"y":0.6743636131286621,"z":-0.08295329660177231,"w":0.7282456159591675},"size":78.55664825439453,"orthographic":false}